往日不再,255
只狼,259
地铁离去,255
皇牌空战,315
仙剑奇侠传6,185
薄暮传说,215
凯瑟琳,259
正当防卫4,265
龙星的瓦尔,279
深渊狂猎,235
审判之眼,245
战地5,145
荒野大镖客,229
刺客信条奥德赛,195
无双大蛇3,299
FIFA19 ,215
古墓11,175
蜘蛛侠,219
刀魂6,189
鬼武者,55
神界原罪2,185
秋之回忆,319
秋之回忆FD,289
夏之回忆绝命都市,215
露露亚工作室,315
实况足球2019,215
高达破坏者4,79
地狱之刃,129
莎木1+2,135
底特律,129
战神4,229
流放者柯南,139
杀手2,199
光头6,129
封闭的梦魇,189
卡里古拉,219
光明之响,135
炸弹人,169
世嘉合集,175
说谎公主,195
机战X,265
机战T,295
小龙咖啡馆,149
不可思议的幻想乡东方计划,155
东方幻想的轮舞,109
闪之轨迹1,145
闪之轨迹2,155
闪之轨迹3,279
闪之轨迹4,289
波西亚,175
超级六合一游戏,89
SNK女主角大乱斗,195
死亡结局,229
死亡细胞,179
昏迷切割,185
进击的巨人2,235
龙之皇冠pro,109
圣剑传说2,115
逃出升天逃出之路,275
惊爆危机全金属狂潮,159
红色派系,139
无药可救无药可救,145
神狱塔,265
吸血鬼,169
奇异小队夺宝奇兵,135
UFC3,155
旺达与巨像,109
三国无双8,185
少女与战车,299
骇客时空,165
怪物猎人世界,165
银魂乱舞,165
最终幻想纷争,69
黑色五叶草,159
七大罪,175
假面骑士巅峰战士,209
克苏鲁克鲁苏的呼唤,145
痛苦地狱,159
逃离地狱暗影觉醒,159
仁王年度版,139
地平线年度版,175
小魔女学园,115
箱庭公司创造记,99
丧尸围城4,125
蕾咪罗哑亚少女与异世界,145
勇者斗恶龙11,209
初音未来FTDX,325
初音X,195
极品飞车20,135
重返德军总部2,245
囚禁,149
模拟人生4,245
恸哭之星,279
索尼克力量,89
索尼克狂热,105
刺客信条7起源,139
刺客叛变,165
刺客信条3,195
恶灵附身2,115
GT,95
黑魂1,89
巨影都市,209
火爆狂飙,139
中土世界2战争之影,119
中土2年度版,239
无夜之国2,245
大神绝景版,89
瘟疫传说无罪,249
太鼓达人,185
黑色洛城,129
星露谷物语,145
F1,145
F1,195
雷电5,199
放逐选举,175
雅达利1,89
纳克2,119
赛车计划2,125
限界凸城,225
黑夜战争,119
龙之信条,119
神秘海域失落遗产,139
战鼓啪嗒砰,75
突袭4装甲骑兵4,145
隐龙传,39
xonic超酷节拍,59
DJ,209
最终幻想12,95
高达VS,165
铁拳7,235
血精石,45
伊苏8,229
伊苏起源,135
重装机兵坦克战记,189
重装机兵雷诺斯,125
女神异闻录P5,175
女神星夜月舞P5D,99
女神P3D,49
骰动人生好运道,129
失根异乡人,119
弹丸论破V3,145
弹丸论破1+2合集,219
方舟生存进化,249
南方公园,135
掠食PREY,75
神之战跨越时空,99
维京人人中之狼,149
迸发机甲狂潮,135
暗黑血统3,159
老猎人,179
血缘初版,89
混沌之子,189
逃生2三部曲,119
猎魔奇侠,155
乐克乐克,69
乐克乐克2,135
机战V,235
创始物语,109
矮人争霸,85
东京迷城EX,119
西伯利亚塞伯利亚3,79
不再犹豫横版射击飞机,119
模拟农场2017,89
逆转裁判,175
无双全明星大乱斗大会串,159
地平线,75
13十三机兵防卫圈,179
三国志13威力加强版,339
三国志13普通版,175
模拟狩猎,195
尼尔机械部队,179
质量效应仙女座,75
机械风暴,115
仁王Nioh,65
卡普空3,99
卡普空街机合集,209
轩辕剑穹之扉,99
蓝色反射映象,249
重力眩晕2,109
剑锋传奇烙印勇士,249
苍蓝革命女武神,59
王国之心HD2,145
王国之心HD1,159
王国之心3,329
王国之心1,229
为我而生,145
命运之夜Fate,149
命运之夜,209
最后的守护者大舅大鹫,109
全境封锁,69
全境封锁2,225
龙珠2,229
龙珠Z,199
最终幻想15,89
最终幻想15,109
SD高达G世纪,219
菲利斯工作室,259
极限巅峰,125
羞辱2,155
羞辱2界外魔之死,135
羞辱1,65
杀戮空间2,45
加速世界VS刀剑神域,89
刀剑神域虚空幻界,149
刀剑神域夺命凶弹,145
火影忍者4博人之路慕留人传,209
火影忍者4究极风暴,195
火影合集传承版,405
火影忍者新忍出击,99
赛道狂飙,149
上古卷轴5,169
泰坦陨落2,79
泰坦之旅不朽王座,135
三国无双英杰赵云传,79
黑蔷薇玫瑰女武神,69
战场女武神4,159
战场女武神1,95
最终幻想世界,99
讨鬼传2,99
古墓丽影10,155
古墓丽影9,149
蝙蝠侠年度版合集,139
战地1,95
杀戮地带,75
合金装备年度版,209
合金装备生存,49
无法抉择的幸福,119
狂战传说绯夜传奇,159
幽浮2,145
巫师年度版,155
杀出重围4,59
丧尸围城1,49
丧尸围城2,65
热血高校,149
战国BASARA真田幸村,69
真田丸,215
横冲直撞,169
赛车总动员3,149
F1,105
蝙蝠侠秘密系谱故事,79
拳皇14,119
偶像大师白金星光,169
偶像大师星光舞台,269
信长战国立志传,259
黑手党3四海兄弟,55
妖精剑士,139
在远方,119
死侍,125
摔跤2017,79
摔跤2018,95
摔跤2019,139
无人深空,235
奇异人生奇妙人生,145
奇异人生风暴前夕,169
超级机器人大战OG,239
星之海洋5,75
方根书简,95
方根书简最后的回信,195
乐高小城,155
乐高世界,119
乐高星球大战原力觉醒,55
乐高复仇者,125
乐高幻影忍者,159
乐高哈利波特合集,135
乐高超人特工队,179
乐高超级坏蛋反派,145
野兽之影,39
异化,119
洛克人麦提9号,59
洛克人遗产合集,69
洛克人2,115
洛克人合集,199
洛克人X2,115
洛克人11,135
进击的巨人,95
进击的巨人,49
神秘海域4,129
神秘海域123,99
镜之边缘催化剂,75
守望先锋斗阵特攻,115
忍者神龟曼哈顿突变种,135
毁灭战士DOOM4,99
毁灭公爵,109
勇者斗恶龙建造者,125
勇者斗恶龙建造者2,239
勇者斗恶龙英雄2,105
勇者斗恶龙英雄1,55
勇者斗恶龙英雄1,29
奥丁领域,189
无夜之国1,129
为战而生,25
海贼王燃烧之血,155
海贼无双3,139
海贼赤红,79
海贼王寻觅世界,185
热血格斗国夫君,165
召唤之夜6,125
乔乔奇妙冒险,229
史努比,119
瑞奇和叮当,95
瑞奇+驾驶合集,129
沙滩排球,199
沙滩排球绯红,299
闪乱沙滩戏水,109
闪乱爆裂红莲少女,125
高达破坏者3,75
高达破坏者3年度版,249
UFC2,79
终极格斗冠军赛UFC1,55
消失的光芒,135
消失的光芒,95
地下城守护者2,65
花园战争2,109
假面骑士斗骑大战创生,225
孤岛惊魂,89
孤岛惊魂4,59
孤岛惊魂5,129
孤岛惊魂3,119
孤岛新曙光破晓,125
无名英雄破晓,85
次子,89
街霸5,65
街霸5街机版,179
街霸30周年合集,135
魔界战记5,99
魔界战记1,139
弑神者1复活,105
噬神者2狂怒爆裂,99
狂怒2,235
噬神者3,239
胖公主历险记,79
约会大作战,139
彩虹6号围攻行动,75
合金装备幻痛,125
合金装备5零点地带原爆点,39
重力眩晕,55
正当防卫3,89
星球大战,35
星球大战2,69
辐射4,75
辐射76,79
数码宝贝赛博侦探,105
数码新世界新秩序,165
数码宝贝骇客追忆,229
索菲,179
莉迪与苏瑞苏尔工作室,275
光之子,75
新次元海王星V2,135
新次元海王星V2,49
刺客信条艾吉奥合集,169
刺客信条编年史三部曲,159
刺客信条枭雄,95
刺客信条5,149
刺客信条4,119
刀剑神域失落之歌,69
情热传说热情传说,115
变形金刚毁灭,79
变形金刚,109
圣斗士信矢,245
直到黎明,89
圣歌黎明军团,125
杀机,135
战神3,125
电击文库再燃,119
蝙蝠侠阿甘骑士,89
蝙蝠侠內敌,135
地狱潜者绝地战兵,109
撕纸小邮差,35
兄弟双子传说,119
巫师3,99
闪乱神乐EV,185
闪乱神乐EV,65
疯狂的麦克斯,79
鬼泣123合集,149
鬼泣4特别版,165
鬼泣DMC,95
鬼泣5恶魔猎人,129
哥斯拉,125
战国Basara4,159
风之旅人,89
风之旅人3合一合集,169
JUMP全明星大乱斗,165
JUMP,349
热血大乱斗进行曲,99
苍翼默示录虚构核心,119
苍翼默示录刻之幻影扩展版,65
苍翼默示录交叉组队,155
战国无双4,175
幽灵战士,115
战国无双4,109
上古卷轴OL,49
收获日2恶浪版,109
影牢另一位公主,135
,10
最终幻想零式,85
真人快打,69
真人快打11,265
讨鬼极,65
无主之地合集帅杰克,129
无主之地传说,49
剑刃风暴百年战争,85
僵尸军团,129
暴雨超凡双生,129
网球世界巡回赛,215
NBA2K19,175
NBALIVE19,155
NBA,69
NBALIVE18,85
FIFA18,99
实况足球2018,115
NBA,35
街头篮球2K游乐场,135
FIFA2017,39
FIFA2016,39
实况足球PES2017,39
实况足球2016欧洲杯,59
实况足球PES2016,35
NBALIVE16,99
NBA2K15,25
NBA,55
NBA,39
美国职业冰球联盟NHL17,59
美国职业冰球联盟NHL18,89
美国职业冰球联盟NHL19,175
美国职业棒球MLB19,189
美国职业棒球MLB18,149
美国职业棒球MLB17,89
美国职业棒球MLB16,89
新大众高尔夫,65
高尔夫,29
麦登橄榄球19,195
麦登橄榄球18,99
麦登橄榄球17,79
麦登橄榄球25,45
麦登橄榄球16,49
托尼霍克滑板5,129
我的世界创世神,129
我的世界创世神故事模式1,119
我的世界传世神故事模式2,129
我的英雄学院,219
乐高侏罗纪世界,99
侏罗纪世界进化,235
乐高蝙蝠侠3,109
乐高超级英雄,85
乐高超级英雄2,159
乐高霍比特哈比人,105
乐高大电影,105
乐高大电影2,165
超凡蜘蛛侠2决战电魔,145
硬仗,55
恶灵进化求生之路,39
恶灵附身1,125
龙珠1超宇宙,69
教团1886,95
生或死DOA5,99
生或死DOA6,265
罪恶装备XRD,35
罪恶装备XRD启示者1,69
罪恶装备XRD启示者,119
反重力赛车,49
神力科莎赛车,89
极品飞车19极速快感,89
飙酷车神,69
飙酷车神2,149
驾驶俱乐部,95
尘埃拉力赛3,185
尘埃拉力赛4,185
尘埃拉力赛2,245
塞巴斯蒂安拉力赛,85
极品飞车18,89
F1一级方程式赛车2015,59
赛车计划,69
WRC6世界汽车拉力赛,89
WRC5世界汽车拉力赛,89
WRC7世界汽车拉力赛,189
急速骑行飞速骑行,85
急速骑行2,89
急速骑行3,135
特技摩托聚变,45
摩托俱乐部,89
越野摩托MXGP3,125
摩托GP14,59
摩托GP15,69
摩托GP16,89
摩托GP17,99
摩托GP18,165
堕落之王,65
中土世界暗影魔多,55
中土世界暗影摩多年度版,89
地铁归来,129
劳拉和神庙,105
美国末日,125
末日芝站,189
重返德军总部老血旧血,99
德军新秩序,119
德军老血新秩序合集,185
三国7猛将传,95
真三国无双7,95
战国无双4帝国,149
大蛇无双2终极版,149
信长之野望创造威力加强版PK,249
信长之野望创造,135
信长之野望大志,205
纳克,65
命运2,25
狙击精英4,159
狙击手,109
狙击精英2,169
秋叶原3妄想物语,105
秋叶原之旅2,175
小小大星球3,95
小小梦魇,105
舞力全开19,165
舞力全开18,179
舞力全开17,99
舞力全开16,99
舞力全开2015,75
御姐玫瑰Z2,129
雷曼传奇,89
疯狂兔子入侵,45
神偷,59
空中冲突越南蓝天对决,85
空中冲突太平洋航母,175
空中冲突秘密战争,175
行尸走肉第三季,155
行尸走肉第二季,89
行尸走肉第一季,89
行尸走肉合集,295
行尸走肉最终季,159
不义联盟2,119
不义联盟1,85
灵魂谋杀,69
欧米茄迷宫Z,179
鲁弗兰的地下迷宫,305
欧米茄组曲,85
异形,109
地球防卫军4,85
地球防卫军5,55
地球防卫军铁雨,249
地球战争,125
地球陨落,59
摇滚史密斯,89
夏色高校,179
大富翁,75
亚尔斯兰战记,105
古惑狼,159
与狼同行,105
权力的游戏,109
玩具士兵,105
雪之刹那雪祭,89
影子武士,109
福尔摩斯罪与罚,135
传颂之物虚伪的假面,259
传颂之物白皇,289
传颂之物斩,179
传颂之物摇篮曲,299
大王国,139
命运石之门,89
死亡岛,89
光明格斗,89
生存档案,59
海岛大亨,129
僵尸U,89
魔女与百骑兵2,105
魔女与百骑兵,99
七日杀,119
阿卡尼亚,125
俄罗斯方块,185
骷髅女孩,119
煮糊了,115
煮糊了2,159
少女射击,99
少女射击2,155
子弹少女3,179
僵尸少女,179
四女神在线版,119
西部神枪手,99
传送门骑士,149
暗影战略,99
吃豆人,169
